id,month,gene_name,country,source,dn,ds
839,2021-03-01,ORF7b,Poland,ENA,1,9
840,2020-06-01,S,Brazil,ENA,32,3
841,2021-03-01,N,Philippines,ENA,9,6
842,2020-10-01,M,Spain,ENA,7,476
843,2020-10-01,ORF10,Spain,ENA,450,1
844,2020-08-01,ORF10,Spain,ENA,317,1
845,2020-10-01,M,United States,ENA,5,25
846,2020-03-01,N,Australia,ENA,37,48
847,2020-06-01,ORF1ab,Qatar,ENA,48,57
848,2020-11-01,N,United Kingdom,ENA,4378,1097
849,2020-04-01,N,United States,ENA,396,126
850,2020-05-01,ORF1ab,India,ENA,215,396
851,2020-11-01,S,Poland,ENA,56,13
852,2020-08-01,ORF7a,India,ENA,5,11
853,2020-09-01,S,Spain,ENA,1222,100
854,2020-04-01,E,Spain,ENA,18,19
855,2020-10-01,ORF1ab,South Africa,ENA,39,28
856,2021-04-01,ORF7a,United Kingdom,ENA,21,8
857,2020-04-01,N,Mexico,ENA,12,2
858,2020-07-01,ORF3a,Spain,ENA,15,7
859,2019-12-01,S,China,ENA,2,3
860,2020-12-01,ORF1ab,Switzerland,ENA,11,23
861,2020-06-01,E,United States,ENA,0,1
862,2020-07-01,ORF7a,United States,ENA,0,2
863,2021-03-01,N,Switzerland,ENA,303,89
864,2021-05-01,S,Spain,ENA,3335,132
865,2020-03-01,ORF1ab,"Palestine, State of",ENA,7,17
866,2020-08-01,S,United Kingdom,ENA,482,128
867,2020-11-01,ORF1ab,Greece,ENA,20,48
868,2021-02-01,ORF3a,United Kingdom,ENA,159,48
869,2020-03-01,ORF10,United States,ENA,33,2
870,2021-03-01,ORF6,Poland,ENA,1,2
871,2020-11-01,ORF3a,Greece,ENA,1,1
872,2020-01-01,S,Poland,ENA,5,1
873,2020-12-01,ORF6,United States,ENA,2,2
874,2020-02-01,ORF1ab,China,ENA,10,10
875,2020-11-01,ORF7a,Brazil,ENA,1,3
876,2021-03-01,E,Spain,ENA,55,4
877,2020-08-01,ORF3a,Brazil,ENA,3,3
878,2021-03-01,ORF1ab,Switzerland,ENA,291,333
879,2021-02-01,N,United Kingdom,ENA,5213,915
880,2020-08-01,ORF10,United States,ENA,2,2
881,2020-10-01,M,Switzerland,ENA,0,8
882,2021-01-01,ORF1ab,Germany,ENA,9,5
883,2021-06-01,S,Greece,ENA,699,17
884,2020-05-01,M,Bangladesh,ENA,0,1
885,2020-08-01,N,Poland,ENA,51,22
886,2020-04-01,N,Jordan,ENA,4,1
887,2020-09-01,N,Bangladesh,ENA,3,1
888,2020-09-01,ORF3a,United States,ENA,102,3
889,2020-08-01,N,"Palestine, State of",ENA,18,18
890,2020-01-01,ORF1ab,United States,ENA,125,136
891,2020-09-01,E,United States,ENA,3,5
892,2020-05-01,ORF1ab,Spain,ENA,179,293
893,2020-05-01,ORF1ab,Brazil,ENA,19,69
894,2020-10-01,ORF1ab,Ecuador,ENA,3,5
895,2021-06-01,N,Greece,ENA,601,120
896,2020-11-01,S,Mozambique,ENA,31,21
897,2021-04-01,ORF7b,Spain,ENA,13,5
898,2020-07-01,ORF8,Spain,ENA,11,15
899,2021-04-01,N,Philippines,ENA,14,4
900,2020-10-01,ORF8,United States,ENA,72,5
901,2021-06-01,ORF6,United Kingdom,ENA,1,1
902,2020-10-01,M,United Kingdom,ENA,55,1414
903,2020-11-01,M,Brazil,ENA,1,3
904,2020-04-01,S,Qatar,ENA,22,3
905,2021-05-01,ORF3a,Switzerland,ENA,14,2
906,2020-03-01,N,Turkey,ENA,0,1
907,2020-03-01,ORF6,Spain,ENA,6,7
908,2021-05-01,ORF3a,Greece,ENA,40,15
909,2021-06-01,ORF1ab,Switzerland,ENA,14,28
910,2021-05-01,M,Spain,ENA,44,20
911,2020-05-01,S,Poland,ENA,194,24
912,2020-03-01,S,Spain,ENA,1332,96
913,2020-03-01,S,Romania,ENA,14,1
914,2021-03-01,ORF7b,United Kingdom,ENA,9,6
915,2020-09-01,S,Poland,ENA,7,4
916,2020-11-01,S,Turkey,ENA,8,3
917,2020-10-01,S,South Africa,ENA,71,1
918,2020-11-01,ORF7b,United States,ENA,5,1
919,2020-05-01,ORF1ab,Romania,ENA,4,13
920,2020-05-01,M,Qatar,ENA,0,1
921,2020-07-01,M,Spain,ENA,2,65
922,2020-03-01,ORF3a,Romania,ENA,0,1
923,2020-07-01,ORF1ab,Israel,ENA,1,4
924,2021-01-01,ORF7a,Spain,ENA,388,75
925,2020-01-01,ORF1ab,China,ENA,8,13
926,2020-03-01,S,France,ENA,41,2
927,2021-05-01,ORF6,Greece,ENA,7,2
928,2020-11-01,ORF7a,United Kingdom,ENA,124,77
929,2020-06-01,ORF3a,United States,ENA,37,6
930,2021-02-01,ORF1ab,Bangladesh,ENA,6,8
931,2020-08-01,M,Brazil,ENA,0,1
932,2020-05-01,N,Croatia,ENA,2,1
933,2020-03-01,ORF3a,Uruguay,ENA,0,2
934,2021-01-01,ORF6,Spain,ENA,37,57
935,2021-06-01,ORF3a,United Kingdom,ENA,93,6
936,2021-04-01,ORF10,Spain,ENA,60,1
937,2020-12-01,S,Poland,ENA,29,6
938,2021-01-01,ORF1ab,United Kingdom,ENA,21278,14045
939,2020-11-01,N,Turkey,ENA,29,13
940,2020-06-01,M,United Kingdom,ENA,0,5
941,2020-04-01,E,Brazil,ENA,0,1
942,2021-03-01,ORF10,United Kingdom,ENA,7,2
943,2021-06-01,S,United Kingdom,ENA,614,37
944,2020-12-01,ORF7a,United Kingdom,ENA,92,28
945,2020-02-01,ORF7a,United States,ENA,0,1
946,2021-02-01,ORF7a,Spain,ENA,171,42
947,2020-03-01,ORF1ab,Uruguay,ENA,0,4
948,2020-03-01,ORF1ab,Ecuador,ENA,0,1
949,2021-05-01,ORF10,Switzerland,ENA,6,2
950,2020-07-01,S,India,ENA,748,320
951,2020-06-01,ORF1ab,Israel,ENA,1,4
952,2020-06-01,N,United States,ENA,95,12
953,2020-01-01,ORF1ab,Russian Federation,ENA,4,6
954,2021-04-01,S,Switzerland,ENA,349,14
955,2020-05-01,M,Spain,ENA,1,11
956,2020-09-01,N,United States,ENA,188,34
957,2020-03-01,ORF1ab,Italy,ENA,0,4
958,2020-12-01,N,Poland,ENA,8,5
959,2020-11-01,ORF8,United Kingdom,ENA,524,1045
960,2020-12-01,ORF10,United Kingdom,ENA,513,13
961,2021-01-01,ORF3a,Poland,ENA,9,2
962,2021-03-01,E,Poland,ENA,1,10
963,2020-10-01,ORF7b,Spain,ENA,7,2
964,2020-03-01,ORF1ab,Chile,ENA,2,2
965,2021-03-01,ORF8,United States,ENA,0,2
966,2020-03-01,ORF1ab,Romania,ENA,4,29
967,2020-05-01,ORF1ab,Croatia,ENA,3,2
968,2020-06-01,S,"Iran, Islamic Republic of",ENA,2,3
969,2020-09-01,ORF3a,United Kingdom,ENA,558,140
970,2020-05-01,S,Croatia,ENA,1,1
971,2021-05-01,ORF8,Switzerland,ENA,51,1
972,2020-09-01,ORF1ab,Spain,ENA,1516,2629
973,2021-01-01,N,Switzerland,ENA,141,53
974,2020-06-01,ORF7a,India,ENA,9,12
975,2021-01-01,ORF1ab,Switzerland,ENA,214,201
976,2021-02-01,N,Poland,ENA,6,1
977,2020-05-01,S,Spain,ENA,127,14
978,2020-03-01,E,Spain,ENA,13,12
979,2020-03-01,S,Australia,ENA,25,11
980,2020-11-01,ORF6,Spain,ENA,12,8
981,2021-05-01,ORF1ab,Switzerland,ENA,438,464
982,2020-10-01,N,United Kingdom,ENA,2649,861
983,2020-03-01,ORF1ab,Israel,ENA,0,3
984,2020-06-01,ORF1ab,United States,ENA,219,382
985,2020-05-01,ORF1ab,United Kingdom,ENA,118,224
986,2020-11-01,ORF1ab,Switzerland,ENA,25,82
987,2020-02-01,N,United States,ENA,1,1
988,2020-08-01,M,Qatar,ENA,2,1
989,2020-10-01,ORF1ab,Spain,ENA,1304,2396
990,2020-01-01,M,Not available,ENA,0,9
991,2020-09-01,ORF1ab,United States,ENA,412,471
992,2020-04-01,ORF8,United Kingdom,ENA,33,8
993,2020-04-01,ORF1ab,Switzerland,ENA,0,2
994,2020-11-01,M,Greece,ENA,0,7
995,2020-05-01,ORF8,United States,ENA,32,2
996,2020-12-01,S,Bangladesh,ENA,18,3
997,2020-12-01,ORF8,United States,ENA,64,5
998,2020-03-01,S,United Kingdom,ENA,264,31
999,2021-06-01,ORF1ab,Greece,ENA,802,594
1000,2020-09-01,N,Brazil,ENA,39,22
1001,2021-03-01,ORF8,Philippines,ENA,3,6
1002,2021-06-01,E,Greece,ENA,0,1
1003,2020-10-01,ORF10,Brazil,ENA,0,1
1004,2020-11-01,M,United States,ENA,16,28
1005,2020-01-01,M,United States,ENA,0,10
1006,2020-03-01,S,Switzerland,ENA,0,9
1007,2020-05-01,N,Brazil,ENA,66,21
1008,2020-07-01,N,"Palestine, State of",ENA,23,16
1009,2021-06-01,M,Greece,ENA,3,13
1010,2020-03-01,ORF1ab,Australia,ENA,78,84
1011,2021-04-01,ORF1ab,Philippines,ENA,27,19
1012,2020-06-01,ORF7a,United States,ENA,1,3
1013,2020-11-01,N,Bangladesh,ENA,2,1
1014,2021-03-01,ORF1ab,Spain,ENA,8281,6037
1015,2020-12-01,ORF7a,United States,ENA,13,5
1016,2020-10-01,ORF8,South Africa,ENA,1,10
1017,2020-10-01,S,United Kingdom,ENA,4091,849
1018,2020-01-01,ORF7a,United Kingdom,ENA,17,2
1019,2021-02-01,ORF8,Spain,ENA,1804,393
1020,2020-12-01,ORF3a,Bangladesh,ENA,3,4
1021,2020-01-01,N,Spain,ENA,24,2
1022,2021-03-01,N,Uruguay,ENA,9,3
1023,2020-08-01,ORF8,India,ENA,120,6
1024,2020-02-01,ORF1ab,United Kingdom,ENA,0,2
1025,2020-11-01,ORF1ab,South Africa,ENA,56,42
1026,2020-06-01,ORF8,United States,ENA,11,3
1027,2020-07-01,ORF3a,United States,ENA,50,1
1028,2020-05-01,ORF1ab,Latvia,ENA,10,10
1029,2020-07-01,S,Qatar,ENA,16,1
1030,2020-03-01,ORF1ab,France,ENA,49,82
1031,2020-08-01,S,Poland,ENA,38,11
1032,2020-11-01,ORF6,Brazil,ENA,17,1
1033,2020-01-01,E,China,ENA,0,1
1034,2020-03-01,ORF6,United States,ENA,22,25
1035,2020-01-01,ORF6,United Kingdom,ENA,3,3
1036,2021-05-01,ORF10,United Kingdom,ENA,0,1
1037,2020-09-01,ORF8,Spain,ENA,52,267
1038,2021-01-01,ORF3a,United Kingdom,ENA,589,184
1039,2020-10-01,N,Bangladesh,ENA,4,3
1040,2020-04-01,S,Spain,ENA,841,76
1041,2020-07-01,ORF1ab,Italy,ENA,14,20
1042,2021-02-01,N,Peru,ENA,51,24
1043,2020-03-01,M,Spain,ENA,61,45
1044,2020-11-01,ORF1ab,United States,ENA,884,882
1045,2020-08-01,ORF3a,Spain,ENA,43,21
1046,2020-08-01,ORF7b,United Kingdom,ENA,0,18
1047,2020-12-01,N,Bangladesh,ENA,19,9
1048,2020-05-01,N,Bangladesh,ENA,6,3
1049,2020-07-01,ORF3a,India,ENA,269,38
1050,2020-04-01,M,United States,ENA,21,33
1051,2020-11-01,N,Poland,ENA,19,7
1052,2020-04-01,ORF1ab,Sweden,ENA,11,12
1053,2021-01-01,ORF7a,United Kingdom,ENA,179,98
1054,2020-09-01,ORF8,United States,ENA,35,10
1055,2020-02-01,S,China,ENA,1,2
1056,2021-01-01,ORF8,United Kingdom,ENA,5769,259
1057,2020-11-01,ORF7b,United Kingdom,ENA,182,74
1058,2021-03-01,E,United Kingdom,ENA,5,3
1059,2020-04-01,S,Philippines,ENA,0,1
1060,2020-06-01,ORF1ab,Turkey,ENA,0,1
1061,2020-06-01,ORF1ab,Not available,ENA,8,2
1062,2020-04-01,ORF7a,Spain,ENA,10,5
1063,2020-09-01,ORF3a,Brazil,ENA,3,5
1064,2020-03-01,ORF1ab,Brazil,ENA,7,15
1065,2020-03-01,ORF7b,Greece,ENA,0,1
1066,2021-05-01,ORF6,United Kingdom,ENA,0,1
1067,2021-04-01,ORF1ab,United Kingdom,ENA,1320,839
1068,2020-06-01,M,India,ENA,19,701
1069,2021-04-01,ORF8,United Kingdom,ENA,347,16
1070,2020-04-01,ORF1ab,Romania,ENA,5,27
1071,2021-01-01,E,Mozambique,ENA,69,1
1072,2020-04-01,ORF1ab,United States,ENA,2271,4137
1073,2020-05-01,ORF3a,United States,ENA,185,12
1074,2020-07-01,N,Italy,ENA,6,3
1075,2021-03-01,N,Poland,ENA,343,85
1076,2020-12-01,ORF3a,United States,ENA,148,7
1077,2020-06-01,ORF1ab,United Kingdom,ENA,14,29
1078,2021-02-01,M,Mozambique,ENA,1,6
1079,2020-08-01,ORF1ab,Brazil,ENA,25,46
1080,2020-07-01,S,Philippines,ENA,26,3
1081,2021-01-01,S,Spain,ENA,15012,1112
1082,2020-12-01,S,Switzerland,ENA,4,2
1083,2020-12-01,N,Australia,ENA,6,1
1084,2021-02-01,ORF8,Mozambique,ENA,4,35
1085,2021-05-01,N,United Kingdom,ENA,585,83
1086,2021-03-01,ORF8,Spain,ENA,1740,74
1087,2020-10-01,ORF6,United Kingdom,ENA,20,30
1088,2020-01-01,M,United Kingdom,ENA,9,22
1089,2020-10-01,ORF8,Brazil,ENA,5,17
1090,2021-01-01,S,Peru,ENA,30,4
1091,2020-07-01,M,Qatar,ENA,0,2
1092,2021-06-01,E,United Kingdom,ENA,3,5
1093,2020-09-01,N,Turkey,ENA,4,1
1094,2020-12-01,ORF1ab,Qatar,ENA,4,3
1095,2021-06-01,ORF7a,Greece,ENA,2,3
1096,2020-04-01,ORF7a,United States,ENA,14,13
1097,2020-12-01,E,Spain,ENA,8,7
1098,2020-05-01,N,United States,ENA,188,48
1099,2020-04-01,ORF1ab,Jordan,ENA,3,5
1100,2020-03-01,ORF1ab,Germany,ENA,0,4
1101,2021-02-01,S,Spain,ENA,8610,533
1102,2020-12-01,ORF1ab,Bangladesh,ENA,39,25
1103,2020-09-01,S,United Kingdom,ENA,2741,698
1104,2020-03-01,M,United States,ENA,29,203
1105,2021-01-01,S,Switzerland,ENA,141,4
1106,2021-01-01,ORF1ab,Japan,ENA,5,7
1107,2020-03-01,N,Jordan,ENA,27,10
1108,2020-03-01,E,United Kingdom,ENA,9,2
1109,2020-11-01,ORF8,Brazil,ENA,9,68
1110,2021-01-01,ORF7b,United States,ENA,16,5
1111,2020-11-01,ORF6,Mozambique,ENA,0,4
1112,2021-01-01,ORF7a,United States,ENA,76,66
1113,2021-01-01,E,Spain,ENA,112,73
1114,2020-05-01,ORF8,Qatar,ENA,2,1
1115,2021-05-01,ORF8,Spain,ENA,925,10
1116,2020-11-01,M,United Kingdom,ENA,89,1825
1117,2020-08-01,S,Denmark,ENA,4,1
1118,2020-05-01,ORF1ab,United States,ENA,419,891
1119,2020-02-01,S,United States,ENA,0,1
1120,2020-03-01,ORF1ab,Qatar,ENA,5,5
1121,2021-05-01,E,Greece,ENA,1,1
1122,2021-03-01,N,United Kingdom,ENA,2244,407
1123,2020-07-01,ORF3a,Brazil,ENA,13,3
1124,2020-06-01,M,United States,ENA,3,4
1125,2020-08-01,ORF10,India,ENA,8,7
1126,2021-02-01,M,Switzerland,ENA,1,1
1127,2020-03-01,N,Brazil,ENA,17,5
1128,2020-08-01,N,United Kingdom,ENA,524,240
1129,2020-07-01,M,"Palestine, State of",ENA,0,1
1130,2020-07-01,M,United Kingdom,ENA,0,4
1131,2020-05-01,M,India,ENA,8,49
1132,2021-06-01,ORF8,United Kingdom,ENA,24,3
1133,2020-11-01,ORF1ab,Turkey,ENA,20,29
1134,2020-09-01,N,Spain,ENA,725,102
1135,2020-03-01,ORF3a,Spain,ENA,1066,227
1136,2021-04-01,ORF8,Philippines,ENA,4,2
1137,2021-01-01,N,United States,ENA,1725,395
1138,2021-03-01,S,Mozambique,ENA,36,1
1139,2020-03-01,N,United Kingdom,ENA,337,158
1140,2020-12-01,ORF3a,Spain,ENA,239,86
1141,2021-06-01,ORF7b,Greece,ENA,0,1
1142,2020-09-01,ORF8,Brazil,ENA,3,3
1143,2020-09-01,ORF1ab,Switzerland,ENA,0,1
1144,2020-10-01,N,Switzerland,ENA,48,10
1145,2020-04-01,S,Mexico,ENA,13,2
1146,2020-12-01,ORF1ab,Poland,ENA,49,59
1147,2021-01-01,M,Poland,ENA,0,1
1148,2021-01-01,M,Switzerland,ENA,2,24
1149,2020-11-01,ORF7b,Switzerland,ENA,0,5
1150,2020-10-01,E,United Kingdom,ENA,20,88
1151,2021-01-01,S,United States,ENA,2706,739
1152,2020-04-01,ORF1ab,Spain,ENA,803,2001
1153,2021-01-01,ORF8,United States,ENA,555,87
1154,2020-06-01,E,Spain,ENA,1,1
1155,2020-11-01,S,United Kingdom,ENA,6796,1138
1156,2020-04-01,ORF1ab,United Kingdom,ENA,1317,2089
1157,2021-01-01,N,Mexico,ENA,2,1
1158,2021-01-01,ORF3a,Mozambique,ENA,166,10
1159,2020-12-01,ORF7a,Spain,ENA,53,15
1160,2020-05-01,N,Italy,ENA,6,3
1161,2021-01-01,ORF6,United Kingdom,ENA,67,49
1162,2020-10-01,ORF7b,Poland,ENA,0,3
1163,2021-05-01,S,Greece,ENA,1120,31
1164,2020-06-01,ORF7b,United States,ENA,0,1
1165,2020-04-01,N,Brazil,ENA,170,59
1166,2020-09-01,ORF1ab,India,ENA,4,7
1167,2020-09-01,ORF10,United Kingdom,ENA,503,9
1168,2020-02-01,ORF1ab,Japan,ENA,11,2
1169,2020-06-01,ORF6,Qatar,ENA,0,2
1170,2021-04-01,ORF10,United Kingdom,ENA,2,1
1171,2020-11-01,ORF1ab,Spain,ENA,1601,2376
1172,2020-07-01,ORF6,Spain,ENA,8,3
1173,2020-08-01,ORF3a,United Kingdom,ENA,106,18
1174,2020-06-01,N,Not available,ENA,0,2
1175,2020-02-01,N,Australia,ENA,0,36
1176,2021-01-01,ORF7b,Switzerland,ENA,0,21
1177,2020-01-01,ORF8,Russian Federation,ENA,0,3
1178,2020-03-01,N,Israel,ENA,2,1
1179,2020-01-01,ORF3a,United Kingdom,ENA,81,11
1180,2021-01-01,ORF8,Peru,ENA,0,5
1181,2021-02-01,ORF1ab,United States,ENA,15,52
1182,2020-04-01,N,"Iran, Islamic Republic of",ENA,1,1
1183,2021-06-01,ORF10,Greece,ENA,1,1
1184,2021-03-01,ORF1ab,United Kingdom,ENA,2700,1687
1185,2020-12-01,ORF8,Mozambique,ENA,4,1
1186,2020-04-01,E,United States,ENA,12,8
1187,2020-04-01,M,Mexico,ENA,0,1
1188,2020-04-01,ORF1ab,Mexico,ENA,10,29
1189,2020-11-01,ORF3a,United States,ENA,230,11
1190,2021-02-01,N,Mozambique,ENA,38,7
1191,2021-05-01,ORF7a,United Kingdom,ENA,118,5
1192,2020-12-01,ORF6,Bangladesh,ENA,1,1
1193,2020-07-01,ORF1ab,Spain,ENA,184,361
1194,2020-12-01,ORF1ab,United States,ENA,605,614
1195,2020-03-01,ORF1ab,Japan,ENA,1,2
1196,2021-01-01,S,Mozambique,ENA,530,12
1197,2020-12-01,M,United States,ENA,4,58
1198,2020-01-01,E,Spain,ENA,0,1
1199,2020-11-01,E,Greece,ENA,0,4
1200,2020-12-01,E,Switzerland,ENA,0,1
1201,2021-03-01,ORF7a,Uruguay,ENA,0,1
1202,2020-12-01,ORF1ab,Mozambique,ENA,28,29
1203,2020-04-01,S,"Iran, Islamic Republic of",ENA,1,1
1204,2020-05-01,E,Spain,ENA,1,3
1205,2020-07-01,N,Brazil,ENA,145,59
1206,2021-01-01,ORF3a,Spain,ENA,1246,443
1207,2020-12-01,ORF7b,Switzerland,ENA,0,1
1208,2020-08-01,S,"Palestine, State of",ENA,11,1
1209,2021-02-01,ORF8,United Kingdom,ENA,1716,27
1210,2021-01-01,E,Poland,ENA,0,2
1211,2020-08-01,N,United States,ENA,179,60
1212,2020-07-01,N,India,ENA,307,46
1213,2021-02-01,E,United Kingdom,ENA,21,5
1214,2021-01-01,S,United Kingdom,ENA,20304,663
1215,2020-03-01,ORF1ab,Latvia,ENA,9,20
1216,2021-01-01,E,Switzerland,ENA,0,2
1217,2020-12-01,ORF8,Poland,ENA,0,1
1218,2020-04-01,N,Spain,ENA,483,293
1219,2020-01-01,S,Hong Kong,ENA,1,1
1220,2021-04-01,ORF6,United Kingdom,ENA,1,3
1221,2020-12-01,ORF1ab,Australia,ENA,7,5
1222,2020-06-01,N,Spain,ENA,23,10
1223,2020-03-01,ORF7a,Spain,ENA,11,7
1224,2020-07-01,S,United States,ENA,116,40
1225,2021-01-01,ORF1ab,Mexico,ENA,4,6
1226,2020-03-01,N,Romania,ENA,4,2
1227,2020-03-01,S,Greece,ENA,28,1
1228,2020-04-01,ORF6,United States,ENA,8,13
1229,2020-11-01,S,South Africa,ENA,113,2
1230,2020-01-01,S,United Kingdom,ENA,510,43
1231,2020-12-01,S,United Kingdom,ENA,11709,544
1232,2020-10-01,ORF6,Spain,ENA,2,6
1233,2021-03-01,ORF8,Peru,ENA,2,16
1234,2020-02-01,ORF3a,China,ENA,0,1
1235,2020-08-01,M,United States,ENA,1,25
1236,2021-04-01,N,Spain,ENA,4870,950
1237,2020-11-01,E,United Kingdom,ENA,35,120
1238,2020-05-01,ORF1ab,Bangladesh,ENA,9,7
1239,2020-07-01,ORF10,United States,ENA,8,2
1240,2020-01-01,M,Hong Kong,ENA,0,1
1241,2020-12-01,N,United Kingdom,ENA,9723,1761
1242,2021-02-01,ORF6,United Kingdom,ENA,19,13
1243,2020-07-01,ORF1ab,United States,ENA,259,268
1244,2020-11-01,N,Mozambique,ENA,28,10
1245,2021-02-01,S,Switzerland,ENA,274,10
1246,2020-08-01,M,Poland,ENA,0,1
1247,2020-06-01,ORF7b,India,ENA,6,1
1248,2020-10-01,ORF3a,Poland,ENA,24,3
1249,2020-09-01,ORF7b,United Kingdom,ENA,103,48
1250,2021-01-01,ORF7b,Spain,ENA,40,42
1251,2021-02-01,ORF10,United Kingdom,ENA,37,4
1252,2020-03-01,ORF7a,United States,ENA,91,17
1253,2020-08-01,ORF6,Spain,ENA,12,1
1254,2020-10-01,S,Spain,ENA,1123,60
1255,2020-11-01,N,Spain,ENA,622,89
1256,2020-02-01,N,Canada,ENA,0,4
1257,2021-03-01,ORF7a,Poland,ENA,5,1
1258,2020-08-01,N,Qatar,ENA,25,4
1259,2020-08-01,ORF1ab,United States,ENA,399,511
1260,2020-09-01,ORF7a,United Kingdom,ENA,64,28
1261,2020-06-01,S,India,ENA,1016,510
1262,2020-11-01,ORF3a,United Kingdom,ENA,899,308
1263,2020-04-01,S,United States,ENA,1778,175
1264,2020-10-01,S,Switzerland,ENA,7,3
1265,2020-07-01,N,United States,ENA,82,24
1266,2021-05-01,ORF3a,Spain,ENA,314,51
1267,2020-11-01,M,Poland,ENA,0,9
1268,2020-05-01,ORF10,Qatar,ENA,0,1
1269,2020-08-01,ORF8,Spain,ENA,35,177
1270,2020-01-01,M,Spain,ENA,0,6
1271,2020-05-01,ORF1ab,Italy,ENA,14,16
1272,2021-02-01,ORF1ab,Mozambique,ENA,207,142
1273,2020-03-01,N,Greece,ENA,12,9
1274,2020-04-01,N,Morocco,ENA,0,1
1275,2020-12-01,ORF8,Australia,ENA,2,1
1276,2020-11-01,ORF1ab,Bangladesh,ENA,2,4
1277,2021-06-01,M,Spain,ENA,10,4
1278,2020-06-01,M,Spain,ENA,0,8
1279,2020-08-01,N,Spain,ENA,416,69
1280,2020-11-01,E,Spain,ENA,4,7
1281,2021-05-01,ORF6,Spain,ENA,5,6
1282,2020-10-01,ORF1ab,Turkey,ENA,2,1
1283,2020-10-01,N,Brazil,ENA,169,62
1284,2020-10-01,ORF3a,United States,ENA,136,12
1285,2020-03-01,ORF7b,United States,ENA,5,2
1286,2020-12-01,ORF7b,United Kingdom,ENA,40,24
1287,2021-03-01,ORF3a,United Kingdom,ENA,134,24
1288,2020-03-01,ORF1ab,Greece,ENA,18,85
1289,2020-06-01,E,"Palestine, State of",ENA,3,1
1290,2020-04-01,ORF7a,United Kingdom,ENA,48,7
1291,2021-03-01,ORF1ab,Philippines,ENA,39,37
1292,2020-02-01,N,United Kingdom,ENA,2,1
1293,2020-12-01,ORF7b,Poland,ENA,0,3
1294,2021-03-01,ORF7b,Switzerland,ENA,0,1
1295,2020-10-01,ORF1ab,Brazil,ENA,130,192
1296,2020-04-01,N,Croatia,ENA,2,1
1297,2020-05-01,S,United Kingdom,ENA,126,16
1298,2020-11-01,ORF7a,Poland,ENA,1,1
1299,2021-03-01,S,Philippines,ENA,54,6
1300,2020-04-01,ORF6,United Kingdom,ENA,8,10
1301,2020-10-01,ORF1ab,Switzerland,ENA,42,136
1302,2020-04-01,E,United Kingdom,ENA,10,3
1303,2021-03-01,ORF6,Spain,ENA,26,22
1304,2020-11-01,ORF7b,Poland,ENA,0,4
1305,2020-10-01,M,South Africa,ENA,2,2
1306,2020-08-01,E,India,ENA,6,3
1307,2020-01-01,ORF1ab,United Kingdom,ENA,492,802
1308,2020-05-01,S,Brazil,ENA,24,2
1309,2019-12-01,N,China,ENA,4,1
1310,2020-09-01,N,Poland,ENA,17,6
1311,2021-03-01,ORF6,Philippines,ENA,0,1
1312,2020-12-01,N,Mozambique,ENA,13,4
1313,2020-07-01,ORF10,Brazil,ENA,1,1
1314,2020-10-01,S,Ecuador,ENA,0,1
1315,2021-01-01,ORF1ab,Mozambique,ENA,382,247
1316,2020-06-01,ORF8,Brazil,ENA,2,1
1317,2020-09-01,ORF6,United Kingdom,ENA,12,12
1318,2020-11-01,S,Greece,ENA,9,6
1319,2021-01-01,M,Peru,ENA,0,4
1320,2021-06-01,ORF1ab,Spain,ENA,342,287
1321,2019-12-01,ORF1ab,China,ENA,18,2
1322,2020-05-01,ORF1ab,Qatar,ENA,36,47
1323,2021-02-01,ORF8,United States,ENA,12,4
1324,2020-04-01,M,United Kingdom,ENA,49,45
1325,2020-03-01,ORF8,United States,ENA,1022,13
1326,2020-06-01,E,India,ENA,6,4
1327,2020-01-01,ORF8,United States,ENA,43,1
1328,2021-01-01,N,Germany,ENA,7,1
1329,2020-03-01,ORF1ab,Not available,ENA,2,2
1330,2020-11-01,ORF1ab,Brazil,ENA,451,641
1331,2020-08-01,ORF6,India,ENA,3,19
1332,2020-12-01,ORF7b,Spain,ENA,25,7
1333,2020-09-01,N,India,ENA,2,1
1334,2021-02-01,ORF7a,United Kingdom,ENA,50,28
1335,2020-06-01,N,Brazil,ENA,73,31
1336,2020-10-01,ORF1ab,United Kingdom,ENA,4901,7549
1337,2020-12-01,ORF10,Spain,ENA,517,12
1338,2021-01-01,ORF3a,United States,ENA,1180,95
1339,2020-07-01,E,"Palestine, State of",ENA,3,1
1340,2020-11-01,ORF8,Spain,ENA,51,236
1341,2020-05-01,S,Germany,ENA,7,8
1342,2021-01-01,ORF10,Spain,ENA,1531,96
1343,2020-06-01,ORF3a,Spain,ENA,23,9
1344,2020-11-01,N,Switzerland,ENA,34,16
1345,2020-04-01,N,Greece,ENA,3,4
1346,2020-08-01,ORF8,Brazil,ENA,3,1
1347,2020-10-01,M,Poland,ENA,0,5
1348,2021-02-01,ORF6,Spain,ENA,32,69
1349,2021-04-01,ORF1ab,Switzerland,ENA,615,619
1350,2020-05-01,ORF6,United States,ENA,8,1
1351,2020-11-01,M,South Africa,ENA,2,2
1352,2020-04-01,ORF8,United States,ENA,216,12
1353,2021-06-01,ORF6,Greece,ENA,8,1
1354,2020-06-01,ORF1ab,Spain,ENA,115,126
1355,2020-04-01,N,Romania,ENA,18,9
1356,2021-02-01,N,Spain,ENA,6624,1282
1357,2021-06-01,ORF3a,Greece,ENA,28,13
1358,2020-08-01,ORF1ab,Spain,ENA,736,1608
1359,2021-05-01,M,Switzerland,ENA,2,7
1360,2020-04-01,ORF10,United Kingdom,ENA,3,1
1361,2021-03-01,M,Poland,ENA,6,18
1362,2020-11-01,ORF8,Poland,ENA,1,1
1363,2021-01-01,ORF3a,Italy,ENA,3,3
1364,2020-11-01,M,Spain,ENA,17,466
1365,2020-08-01,S,India,ENA,470,226
1366,2020-07-01,ORF1ab,India,ENA,1253,2335
1367,2021-02-01,ORF3a,Mozambique,ENA,79,7
1368,2020-10-01,ORF3a,Bangladesh,ENA,1,1
1369,2020-03-01,ORF7b,Australia,ENA,0,1
1370,2020-04-01,ORF7b,United States,ENA,3,4
1371,2021-05-01,ORF1ab,Greece,ENA,1267,946
1372,2020-11-01,S,Spain,ENA,1210,114
1373,2020-10-01,ORF7a,Brazil,ENA,5,3
1374,2021-06-01,ORF1ab,United Kingdom,ENA,774,569
1375,2020-07-01,E,Philippines,ENA,1,1
1376,2020-12-01,N,United States,ENA,205,32
1377,2020-01-01,ORF8,China,ENA,11,1
1378,2021-01-01,ORF1ab,Italy,ENA,18,21
1379,2020-03-01,ORF10,Turkey,ENA,0,1
1380,2021-02-01,S,Peru,ENA,61,6
1381,2020-01-01,ORF1ab,Spain,ENA,55,27
1382,2020-04-01,ORF1ab,Qatar,ENA,52,76
1383,2020-09-01,ORF1ab,Poland,ENA,15,22
1384,2020-05-01,ORF7b,United Kingdom,ENA,0,1
1385,2020-03-01,N,France,ENA,4,3
1386,2020-09-01,ORF6,Spain,ENA,6,7
1387,2020-11-01,ORF1ab,Poland,ENA,64,125
1388,2020-10-01,E,Poland,ENA,0,2
1389,2020-10-01,ORF3a,United Kingdom,ENA,605,246
1390,2021-02-01,ORF1ab,Poland,ENA,8,5
1391,2021-03-01,ORF3a,Spain,ENA,337,115
1392,2020-05-01,S,India,ENA,88,56
1393,2020-06-01,ORF1ab,"Iran, Islamic Republic of",ENA,13,2
1394,2021-03-01,S,Peru,ENA,88,15
1395,2020-06-01,N,"Iran, Islamic Republic of",ENA,2,4
1396,2020-07-01,ORF1ab,Ecuador,ENA,1,2
1397,2020-09-01,ORF6,United States,ENA,3,4
1398,2020-07-01,ORF8,India,ENA,108,12
1399,2020-08-01,S,Qatar,ENA,28,2
1400,2020-04-01,ORF1ab,France,ENA,0,12
1401,2021-02-01,ORF7b,Spain,ENA,31,33
1402,2021-01-01,ORF1ab,Poland,ENA,27,35
1403,2020-02-01,ORF10,Japan,ENA,0,2
1404,2021-05-01,M,United Kingdom,ENA,62,8
1405,2020-06-01,N,"Palestine, State of",ENA,10,7
1406,2020-12-01,ORF8,United Kingdom,ENA,3004,399
1407,2020-11-01,M,Switzerland,ENA,0,3
1408,2020-07-01,S,Brazil,ENA,74,16
1409,2020-11-01,S,United States,ENA,311,53
1410,2021-05-01,S,United Kingdom,ENA,849,40
1411,2020-09-01,ORF1ab,Brazil,ENA,38,39
1412,2020-08-01,ORF7a,United Kingdom,ENA,21,17
1413,2020-11-01,ORF7a,Spain,ENA,27,11
1414,2020-03-01,ORF1ab,Spain,ENA,2673,3929
1415,2020-06-01,N,Qatar,ENA,21,5
1416,2020-11-01,ORF3a,Brazil,ENA,36,12
1417,2020-05-01,N,Not available,ENA,2,1
1418,2020-12-01,S,Qatar,ENA,4,5
1419,2020-06-01,ORF1ab,Philippines,ENA,5,20
1420,2020-06-01,ORF3a,United Kingdom,ENA,1,1
1421,2021-01-01,M,United Kingdom,ENA,222,419
1422,2020-04-01,ORF1ab,Philippines,ENA,2,1
1423,2020-11-01,N,Brazil,ENA,430,148
1424,2020-09-01,ORF1ab,Bangladesh,ENA,5,4
1425,2020-01-01,ORF7b,United States,ENA,0,1
1426,2020-04-01,S,United Kingdom,ENA,1177,123
1427,2021-04-01,E,Switzerland,ENA,9,2
1428,2021-05-01,ORF10,Greece,ENA,4,1
1429,2021-03-01,ORF7a,Switzerland,ENA,4,1
1430,2021-01-01,N,Poland,ENA,9,8
1431,2020-08-01,M,Spain,ENA,2,322
1432,2020-09-01,ORF1ab,United Kingdom,ENA,3785,5487
1433,2020-09-01,M,Brazil,ENA,0,2
1434,2020-07-01,N,Switzerland,ENA,2,1
1435,2020-10-01,ORF1ab,United States,ENA,590,644
1436,2020-08-01,ORF3a,Denmark,ENA,1,1
1437,2020-06-01,ORF1ab,Brazil,ENA,34,68
1438,2021-02-01,S,Mozambique,ENA,264,22
1439,2021-01-01,ORF8,Mozambique,ENA,13,69
1440,2020-08-01,ORF1ab,United Kingdom,ENA,885,1036
1441,2021-04-01,ORF7b,Switzerland,ENA,0,2
1442,2020-07-01,ORF7b,Brazil,ENA,3,1
1443,2021-01-01,N,Mozambique,ENA,82,7
1444,2020-03-01,N,United States,ENA,657,251
1445,2020-08-01,ORF10,United Kingdom,ENA,53,9
1446,2021-01-01,M,Mozambique,ENA,2,12
1447,2020-12-01,ORF1ab,Spain,ENA,2342,3414
1448,2021-03-01,ORF3a,Peru,ENA,0,2
1449,2020-12-01,ORF6,Spain,ENA,16,13
1450,2021-01-01,ORF8,Spain,ENA,3324,684
1451,2020-04-01,S,Peru,ENA,4,5
1452,2020-09-01,M,United States,ENA,9,6
1453,2020-03-01,ORF7a,United Kingdom,ENA,4,4
1454,2021-04-01,S,Spain,ENA,6168,227
1455,2020-09-01,ORF3a,Spain,ENA,136,55
1456,2020-04-01,ORF8,Spain,ENA,173,6
1457,2020-12-01,S,Mozambique,ENA,21,13
1458,2020-03-01,ORF3a,Jordan,ENA,12,4
1459,2020-04-01,N,Peru,ENA,10,10
1460,2020-10-01,N,Poland,ENA,59,24
1461,2021-04-01,S,Philippines,ENA,29,4
1462,2020-08-01,S,United States,ENA,172,28
1463,2021-06-01,ORF10,Spain,ENA,1,1
1464,2020-04-01,ORF8,Brazil,ENA,0,2
1465,2021-03-01,ORF8,Poland,ENA,96,2
1466,2020-12-01,N,Spain,ENA,971,171
1467,2020-10-01,ORF7a,Spain,ENA,17,12
1468,2020-03-01,ORF10,Spain,ENA,11,2
1469,2020-10-01,ORF6,United States,ENA,0,3
1470,2020-08-01,E,United States,ENA,2,2
1471,2020-08-01,S,Brazil,ENA,22,4
1472,2021-04-01,ORF8,Spain,ENA,1571,18
1473,2020-08-01,ORF3a,"Palestine, State of",ENA,8,2
1474,2020-04-01,N,India,ENA,11,2
1475,2020-10-01,ORF1ab,Bangladesh,ENA,9,10
1476,2020-07-01,S,Spain,ENA,193,42
1477,2021-03-01,ORF7a,Spain,ENA,120,22
1478,2020-11-01,ORF7a,United States,ENA,9,12
1479,2021-04-01,ORF1ab,Spain,ENA,6935,5036
1480,2021-02-01,N,Bangladesh,ENA,6,2
1481,2021-02-01,M,Spain,ENA,210,802
1482,2021-02-01,E,Spain,ENA,75,19
1483,2021-05-01,N,Spain,ENA,2069,510
1484,2020-08-01,S,Spain,ENA,810,24
1485,2021-01-01,S,Mexico,ENA,1,1
1486,2021-02-01,S,United Kingdom,ENA,5792,170
1487,2020-05-01,ORF3a,India,ENA,95,1
1488,2020-07-01,ORF1ab,"Palestine, State of",ENA,25,49
1489,2020-08-01,ORF1ab,Switzerland,ENA,1,2
1490,2021-01-01,N,United Kingdom,ENA,17720,3131
1491,2020-05-01,S,Qatar,ENA,27,2
1492,2021-06-01,S,Switzerland,ENA,15,1
1493,2020-10-01,ORF1ab,Poland,ENA,92,165
1494,2020-07-01,ORF7a,Spain,ENA,8,1
1495,2021-01-01,N,Japan,ENA,5,1
1496,2020-10-01,N,United States,ENA,222,52
1497,2020-12-01,E,United Kingdom,ENA,40,39
1498,2020-09-01,ORF7a,United States,ENA,2,3
1499,2020-02-01,ORF1ab,Canada,ENA,13,3
1500,2020-04-01,ORF7a,Qatar,ENA,0,1
1501,2021-05-01,N,Switzerland,ENA,421,123
1502,2020-12-01,M,Switzerland,ENA,0,1
1503,2021-04-01,N,United Kingdom,ENA,1078,192
1504,2021-02-01,ORF3a,Spain,ENA,776,196
1505,2020-08-01,ORF6,United Kingdom,ENA,2,2
1506,2020-03-01,ORF3a,United States,ENA,2601,90
1507,2020-09-01,M,United Kingdom,ENA,34,755
1508,2021-01-01,M,United States,ENA,37,441
1509,2021-04-01,M,Switzerland,ENA,3,28
1510,2020-03-01,N,Chile,ENA,1,1
1511,2020-05-01,N,Latvia,ENA,4,2
1512,2021-05-01,ORF1ab,United Kingdom,ENA,922,658
1513,2020-07-01,ORF1ab,Philippines,ENA,37,53
1514,2021-05-01,M,Greece,ENA,10,11
1515,2020-04-01,ORF6,Spain,ENA,5,5
1516,2020-12-01,M,United Kingdom,ENA,136,647
1517,2021-06-01,N,Spain,ENA,171,37
1518,2020-04-01,E,Qatar,ENA,0,1
1519,2020-11-01,ORF10,United Kingdom,ENA,1427,8
1520,2020-03-01,N,Spain,ENA,1208,943
1521,2021-02-01,ORF7b,Switzerland,ENA,0,1
1522,2020-09-01,S,United States,ENA,169,42
1523,2020-04-01,ORF6,Qatar,ENA,0,1
1524,2021-03-01,ORF1ab,Peru,ENA,90,47
1525,2021-04-01,ORF3a,Spain,ENA,298,109
1526,2020-07-01,N,United Kingdom,ENA,9,4
1527,2020-01-01,N,China,ENA,6,4
1528,2020-05-01,ORF8,United Kingdom,ENA,7,1
1529,2020-09-01,ORF10,United States,ENA,1,2
1530,2020-05-01,ORF6,Brazil,ENA,21,1
1531,2020-12-01,N,Switzerland,ENA,8,1
1532,2021-04-01,ORF7a,Spain,ENA,108,46
1533,2020-04-01,ORF3a,Spain,ENA,194,76
1534,2021-03-01,ORF8,Uruguay,ENA,0,1
1535,2020-08-01,ORF6,Qatar,ENA,0,1
1536,2021-05-01,E,Switzerland,ENA,10,2
1537,2020-08-01,ORF1ab,Qatar,ENA,53,51
1538,2021-03-01,ORF1ab,Uruguay,ENA,7,17
1539,2020-01-01,N,Russian Federation,ENA,9,3
1540,2020-03-01,ORF1ab,Jordan,ENA,31,33
1541,2021-02-01,ORF8,Switzerland,ENA,85,1
1542,2021-02-01,ORF7b,United Kingdom,ENA,13,5
1543,2020-12-01,ORF10,United States,ENA,8,3
1544,2020-08-01,N,India,ENA,313,27
1545,2020-07-01,E,India,ENA,7,4
1546,2020-01-01,S,Spain,ENA,26,1
1547,2020-10-01,ORF3a,Brazil,ENA,14,12
1548,2020-04-01,N,Qatar,ENA,17,5
1549,2020-02-01,M,Spain,ENA,0,1
1550,2020-10-01,M,Brazil,ENA,0,6
1551,2020-01-01,S,Not available,ENA,1,9
1552,2020-07-01,ORF7a,India,ENA,14,37
1553,2020-07-01,ORF8,Brazil,ENA,4,1
1554,2020-11-01,ORF7b,Spain,ENA,6,2
1555,2020-12-01,ORF7a,Poland,ENA,1,1
1556,2020-07-01,M,India,ENA,5,280
1557,2020-10-01,ORF8,Switzerland,ENA,1,2
1558,2020-03-01,ORF1ab,Switzerland,ENA,11,82
1559,2020-03-01,M,United Kingdom,ENA,6,12
1560,2020-01-01,N,United Kingdom,ENA,669,318
1561,2020-11-01,ORF1ab,United Kingdom,ENA,7904,10828
1562,2021-01-01,E,United States,ENA,21,14
1563,2021-03-01,ORF8,Switzerland,ENA,40,2
1564,2020-08-01,ORF1ab,India,ENA,764,1492
1565,2020-06-01,ORF3a,India,ENA,844,38
1566,2021-04-01,ORF3a,United Kingdom,ENA,71,15
1567,2021-06-01,S,Spain,ENA,305,12
1568,2021-03-01,ORF6,United Kingdom,ENA,2,4
1569,2020-05-01,ORF7b,Spain,ENA,1,1
1570,2021-04-01,ORF3a,Switzerland,ENA,13,5
1571,2020-05-01,M,United Kingdom,ENA,4,11
1572,2020-06-01,S,Qatar,ENA,35,3
1573,2020-07-01,N,Philippines,ENA,36,24
1574,2021-03-01,ORF10,Spain,ENA,140,15
1575,2021-06-01,N,United Kingdom,ENA,395,13
1576,2020-12-01,ORF8,Spain,ENA,122,297
1577,2020-10-01,ORF8,United Kingdom,ENA,83,891
1578,2020-02-01,ORF1ab,Spain,ENA,24,17
1579,2021-03-01,ORF1ab,Mozambique,ENA,32,18
1580,2021-06-01,ORF8,Greece,ENA,184,4
1581,2020-03-01,S,India,ENA,0,1
1582,2020-06-01,ORF1ab,Greece,ENA,9,6
1583,2021-03-01,ORF1ab,United States,ENA,6,8
1584,2020-06-01,S,United Kingdom,ENA,12,3
1585,2021-02-01,ORF1ab,Switzerland,ENA,501,366
1586,2021-05-01,ORF7a,Greece,ENA,5,8
1587,2020-08-01,ORF8,United Kingdom,ENA,8,58
1588,2020-07-01,ORF1ab,Switzerland,ENA,1,2
1589,2021-01-01,N,Italy,ENA,15,6
1590,2021-02-01,ORF6,Mozambique,ENA,2,1
1591,2020-02-01,ORF1ab,United States,ENA,18,14
1592,2020-04-01,ORF1ab,Germany,ENA,0,1
1593,2020-11-01,E,Brazil,ENA,0,1
1594,2020-12-01,S,Spain,ENA,1638,197
1595,2020-12-01,M,Poland,ENA,0,3
1596,2020-08-01,M,United Kingdom,ENA,10,121
1597,2020-10-01,ORF7b,United Kingdom,ENA,186,55
1598,2020-01-01,ORF1ab,Italy,ENA,1,2
1599,2021-03-01,M,Mozambique,ENA,0,2
1600,2021-01-01,ORF10,United Kingdom,ENA,358,13
1601,2020-08-01,ORF3a,India,ENA,190,15
1602,2020-03-01,ORF3a,Greece,ENA,4,1
1603,2020-06-01,N,India,ENA,784,112
1604,2020-03-01,E,United States,ENA,9,16
1605,2020-11-01,S,Brazil,ENA,345,21
1606,2020-03-01,ORF1ab,United States,ENA,4952,7691
1607,2021-01-01,ORF1ab,Spain,ENA,18874,17345
1608,2021-03-01,ORF8,United Kingdom,ENA,720,10
1609,2020-02-01,N,Spain,ENA,11,9
1610,2020-12-01,N,Peru,ENA,6,1
1611,2020-02-01,ORF3a,Japan,ENA,0,1
1612,2020-05-01,ORF1ab,Germany,ENA,8,12
1613,2021-03-01,ORF1ab,Poland,ENA,514,333
1614,2020-06-01,S,Spain,ENA,52,9
1615,2020-06-01,ORF8,India,ENA,47,40
1616,2020-08-01,ORF1ab,Poland,ENA,81,95
1617,2021-01-01,S,Poland,ENA,20,2
1618,2021-03-01,S,Poland,ENA,376,33
1619,2021-02-01,S,Poland,ENA,7,1
1620,2020-01-01,S,United States,ENA,48,14
1621,2020-12-01,N,Qatar,ENA,5,1
1622,2021-04-01,S,United Kingdom,ENA,1316,35
1623,2021-02-01,N,Switzerland,ENA,429,194
1624,2020-01-01,ORF1ab,Poland,ENA,22,19
1625,2020-09-01,M,Poland,ENA,0,1
1626,2020-06-01,ORF1ab,"Palestine, State of",ENA,9,24
1627,2020-01-01,N,United States,ENA,20,7
1628,2020-09-01,S,India,ENA,1,1
1629,2020-10-01,E,United States,ENA,6,2
1630,2020-02-01,ORF3a,United Kingdom,ENA,0,1
1631,2020-11-01,ORF3a,Switzerland,ENA,3,2
1632,2020-11-01,N,Greece,ENA,12,5
1633,2020-11-01,ORF8,Greece,ENA,0,5
1634,2020-08-01,ORF1ab,Denmark,ENA,0,6
1635,2020-04-01,ORF1ab,"Iran, Islamic Republic of",ENA,6,2
1636,2021-01-01,ORF10,United States,ENA,32,8
1637,2020-05-01,ORF6,United Kingdom,ENA,0,2
1638,2021-05-01,ORF3a,United Kingdom,ENA,74,15
1639,2020-09-01,ORF7a,Spain,ENA,13,1
1640,2020-09-01,S,Brazil,ENA,19,9
1641,2020-09-01,ORF8,United Kingdom,ENA,68,460
1642,2020-01-01,N,Poland,ENA,10,3
1643,2020-12-01,ORF1ab,Peru,ENA,7,5
1644,2021-06-01,M,United Kingdom,ENA,82,7
1645,2020-04-01,N,United Kingdom,ENA,1696,774
1646,2020-11-01,ORF6,United States,ENA,2,2
1647,2020-10-01,ORF3a,Spain,ENA,127,30
1648,2020-06-01,M,Brazil,ENA,0,2
1649,2020-05-01,ORF6,Spain,ENA,0,5
1650,2020-03-01,S,Latvia,ENA,10,1
1651,2020-05-01,N,United Kingdom,ENA,158,73
1652,2021-05-01,ORF1ab,Spain,ENA,3798,2897
1653,2020-11-01,ORF8,South Africa,ENA,2,15
1654,2020-08-01,ORF1ab,"Palestine, State of",ENA,22,47
1655,2020-04-01,M,Spain,ENA,15,29
1656,2021-03-01,ORF7a,United Kingdom,ENA,61,15
1657,2020-07-01,M,Brazil,ENA,4,5
1658,2020-11-01,ORF7a,Greece,ENA,0,1
1659,2020-10-01,ORF8,Spain,ENA,19,267
1660,2020-05-01,M,United States,ENA,3,8
1661,2020-12-01,ORF3a,Mozambique,ENA,3,3
1662,2020-04-01,ORF3a,Brazil,ENA,11,2
1663,2021-02-01,ORF1ab,United Kingdom,ENA,6246,3894
1664,2020-07-01,S,United Kingdom,ENA,7,3
1665,2020-12-01,ORF6,United Kingdom,ENA,49,26
1666,2020-10-01,ORF6,Poland,ENA,0,2
1667,2021-01-01,ORF7a,Mozambique,ENA,2,3
1668,2020-04-01,ORF7a,Sweden,ENA,0,1
1669,2021-02-01,E,Switzerland,ENA,0,2
1670,2020-07-01,ORF10,India,ENA,1,5
1671,2020-11-01,ORF8,United States,ENA,101,9
1672,2021-03-01,S,Switzerland,ENA,195,6
1673,2020-02-01,M,China,ENA,0,1
1674,2020-01-01,S,China,ENA,3,1
1675,2021-04-01,ORF6,Spain,ENA,24,14
1676,2020-05-01,ORF3a,Spain,ENA,39,11
1677,2020-06-01,N,United Kingdom,ENA,19,10
1678,2021-02-01,ORF8,Peru,ENA,2,10
1679,2020-05-01,N,Spain,ENA,47,34
1680,2021-03-01,ORF3a,Mozambique,ENA,11,1
1681,2020-05-01,ORF8,Spain,ENA,22,1
1682,2020-05-01,ORF1ab,Not available,ENA,1,2
1683,2021-02-01,ORF1ab,Peru,ENA,44,32
1684,2020-08-01,E,United Kingdom,ENA,3,3
1685,2021-01-01,ORF6,United States,ENA,33,22
1686,2021-02-01,ORF1ab,Spain,ENA,11012,9549
1687,2020-05-01,ORF1ab,Poland,ENA,678,538
1688,2020-07-01,ORF1ab,United Kingdom,ENA,23,13
1689,2020-05-01,ORF7a,Romania,ENA,0,1
1690,2020-09-01,E,Spain,ENA,9,4
1691,2021-04-01,M,United Kingdom,ENA,11,16
1692,2020-03-01,ORF6,United Kingdom,ENA,3,1
1693,2020-10-01,N,Spain,ENA,617,70
1694,2021-04-01,ORF8,Switzerland,ENA,67,6
1695,2020-12-01,E,Poland,ENA,0,2
1696,2020-07-01,M,United States,ENA,1,2
1697,2020-03-01,ORF8,Spain,ENA,957,12
1698,2021-05-01,ORF7b,Greece,ENA,2,1
1699,2020-10-01,E,Brazil,ENA,0,1
1700,2020-05-01,S,United States,ENA,394,77
1701,2021-04-01,E,United Kingdom,ENA,13,3
1702,2020-11-01,ORF3a,Spain,ENA,203,34
1703,2020-06-01,N,Philippines,ENA,13,10
1704,2020-04-01,S,Brazil,ENA,62,5
1705,2020-12-01,ORF1ab,United Kingdom,ENA,12493,9315
1706,2021-04-01,N,Switzerland,ENA,496,155
1707,2020-04-01,M,Brazil,ENA,0,1
1708,2020-04-01,S,Croatia,ENA,1,1
1709,2020-04-01,ORF1ab,India,ENA,25,12
1710,2020-06-01,ORF8,Spain,ENA,18,3
1711,2020-12-01,ORF3a,United Kingdom,ENA,543,139
1712,2021-06-01,N,Switzerland,ENA,25,4
1713,2021-02-01,M,Peru,ENA,0,9
1714,2020-06-01,ORF3a,Brazil,ENA,2,4
1715,2020-01-01,ORF1ab,Hong Kong,ENA,0,2
1716,2021-03-01,M,Switzerland,ENA,3,7
1717,2020-03-01,S,United States,ENA,2919,359
1718,2020-10-01,ORF10,United States,ENA,9,7
1719,2020-10-01,ORF3a,Switzerland,ENA,15,3
1720,2020-10-01,S,Poland,ENA,74,13
1721,2020-01-01,ORF8,United Kingdom,ENA,32,2
1722,2021-03-01,M,Peru,ENA,0,15
1723,2020-04-01,ORF3a,United States,ENA,1261,70
1724,2020-03-01,ORF7b,United Kingdom,ENA,1,1
1725,2020-12-01,S,United States,ENA,319,83
1726,2020-11-01,ORF3a,Poland,ENA,12,3
1727,2020-03-01,ORF7b,Spain,ENA,5,10
1728,2021-01-01,ORF7b,United Kingdom,ENA,45,14
1729,2020-04-01,ORF1ab,Brazil,ENA,36,150
1730,2020-05-01,N,Poland,ENA,308,135
1731,2021-01-01,N,Peru,ENA,27,12
1732,2021-04-01,M,Spain,ENA,77,66
1733,2020-08-01,E,Spain,ENA,2,1
1734,2021-03-01,ORF3a,Poland,ENA,40,7
1735,2020-03-01,N,Germany,ENA,4,2
1736,2020-11-01,ORF6,United Kingdom,ENA,42,58
1737,2021-02-01,M,United Kingdom,ENA,46,57
1738,2020-04-01,S,India,ENA,0,11
1739,2020-06-01,ORF3a,Qatar,ENA,27,1
1740,2020-07-01,ORF6,India,ENA,3,63
1741,2020-05-01,S,Italy,ENA,8,2
1742,2020-03-01,ORF1ab,United Kingdom,ENA,413,510
1743,2020-10-01,ORF10,United Kingdom,ENA,1080,4
1744,2020-08-01,ORF8,United States,ENA,44,11
1745,2021-05-01,ORF8,United Kingdom,ENA,121,5
1746,2020-05-01,N,India,ENA,203,70
1747,2020-09-01,ORF1ab,Turkey,ENA,1,3
1748,2021-01-01,E,United Kingdom,ENA,55,45
1749,2021-05-01,N,Greece,ENA,984,200
1750,2020-10-01,S,Brazil,ENA,123,16
1751,2021-05-01,S,Switzerland,ENA,295,24
1752,2020-11-01,E,Poland,ENA,0,3
1753,2021-06-01,ORF3a,Spain,ENA,40,3
1754,2020-10-01,ORF7a,United Kingdom,ENA,113,51
1755,2020-05-01,ORF10,Brazil,ENA,0,1
1756,2020-07-01,ORF1ab,Brazil,ENA,82,159
1757,2020-12-01,M,Bangladesh,ENA,1,5
1758,2020-05-01,N,Romania,ENA,2,1
1759,2020-10-01,ORF7b,Brazil,ENA,0,1
1760,2021-03-01,M,Spain,ENA,65,197
1761,2021-03-01,S,Uruguay,ENA,14,1
1762,2020-05-01,ORF7a,United States,ENA,6,2
1763,2020-04-01,N,Sweden,ENA,3,1
1764,2020-09-01,ORF10,Spain,ENA,511,4
1765,2020-05-01,E,United States,ENA,4,2
1766,2020-04-01,ORF1ab,Morocco,ENA,1,3
1767,2020-01-01,ORF1ab,Not available,ENA,9,9
1768,2021-01-01,M,Spain,ENA,177,1506
1769,2020-06-01,ORF10,United States,ENA,1,2
1770,2020-12-01,M,Spain,ENA,34,583
1771,2021-06-01,ORF7a,United Kingdom,ENA,167,2
1772,2020-03-01,ORF3a,United Kingdom,ENA,113,6
1773,2020-09-01,ORF3a,Poland,ENA,1,1
1774,2021-05-01,ORF7a,Spain,ENA,97,24
1775,2021-03-01,N,Mozambique,ENA,4,1
1776,2020-04-01,ORF3a,United Kingdom,ENA,226,28
1777,2020-06-01,S,Israel,ENA,0,1
1778,2020-04-01,ORF10,Spain,ENA,23,4
1779,2020-09-01,M,Spain,ENA,6,551
1780,2020-07-01,N,Qatar,ENA,15,3
1781,2020-04-01,ORF1ab,Greece,ENA,4,8
1782,2021-01-01,ORF1ab,United States,ENA,5201,5586
1783,2020-08-01,N,Denmark,ENA,3,1
1784,2021-04-01,E,Spain,ENA,41,9
1785,2020-09-01,E,United Kingdom,ENA,9,56
1786,2021-01-01,ORF1ab,Peru,ENA,32,15
1787,2020-06-01,ORF1ab,India,ENA,1270,3214
1788,2020-10-01,S,United States,ENA,218,70
1789,2020-03-01,N,Qatar,ENA,10,5
1790,2020-11-01,ORF1ab,Mozambique,ENA,56,60
1791,2020-05-01,ORF8,Poland,ENA,3,1
1792,2021-03-01,S,United Kingdom,ENA,2515,90
1793,2021-03-01,N,Spain,ENA,5598,1148
1794,2019-12-01,E,China,ENA,0,1
1795,2020-08-01,M,India,ENA,13,140
1796,2020-09-01,N,United Kingdom,ENA,2443,1015
1797,2020-03-01,N,Latvia,ENA,9,5
1798,2021-03-01,ORF7b,Spain,ENA,17,7
1799,2021-03-01,N,Peru,ENA,78,29
1800,2021-01-01,N,Spain,ENA,11438,2104
1801,2020-08-01,ORF3a,United States,ENA,109,4
1802,2020-05-01,ORF6,India,ENA,0,4
1803,2020-11-01,E,United States,ENA,4,2
1804,2020-02-01,ORF1ab,Australia,ENA,49,51
1805,2020-04-01,ORF1ab,Croatia,ENA,3,2
1806,2020-07-01,ORF1ab,Qatar,ENA,25,22
1807,2020-03-01,ORF8,United Kingdom,ENA,6,1
1808,2020-08-01,ORF7a,United States,ENA,4,5
1809,2020-11-01,M,Turkey,ENA,0,3
1810,2020-04-01,ORF1ab,Peru,ENA,17,9
1811,2020-01-01,ORF1ab,Germany,ENA,3,4
1812,2021-02-01,ORF10,Spain,ENA,711,52
1813,2021-03-01,S,Spain,ENA,7030,334
1814,2020-07-01,N,Spain,ENA,118,35
1815,2020-08-01,N,Brazil,ENA,38,14
1816,2020-11-01,N,United States,ENA,325,73
1817,2020-04-01,ORF1ab,Not available,ENA,5,2
1818,2020-06-01,S,United States,ENA,116,22
1819,2021-03-01,ORF8,Mozambique,ENA,2,5
1820,2021-03-01,M,United Kingdom,ENA,13,30
1821,2021-05-01,E,Spain,ENA,9,1
1822,2020-11-01,ORF7b,Brazil,ENA,2,2
1823,2020-02-01,N,China,ENA,0,1
1824,2020-10-01,ORF7a,United States,ENA,8,2
1825,2020-04-01,S,Malaysia,ENA,2,1
1826,2020-06-01,ORF6,India,ENA,7,21
1827,2020-10-01,E,Spain,ENA,5,3
1828,2020-04-01,ORF3a,Greece,ENA,1,0
1829,2020-03-01,S,Chile,ENA,1,0
1830,2020-06-01,ORF10,India,ENA,12,0
1831,2020-09-01,N,Switzerland,ENA,1,0
1832,2020-03-01,ORF3a,Qatar,ENA,2,0
1833,2020-02-01,S,Netherlands,ENA,1,0
1834,2020-07-01,ORF7a,Philippines,ENA,1,0
1835,2020-12-01,ORF3a,Poland,ENA,10,0
1836,2020-11-01,S,Bangladesh,ENA,2,0
1837,2020-09-01,ORF7b,Spain,ENA,2,0
1838,2020-01-01,ORF8,Not available,ENA,9,0
1839,2021-02-01,ORF10,Switzerland,ENA,1,0
1840,2021-02-01,S,United States,ENA,76,0
1841,2020-07-01,ORF3a,Qatar,ENA,13,0
1842,2020-12-01,ORF6,Poland,ENA,2,0
1843,2020-01-01,S,Australia,ENA,4,0
1844,2020-03-01,ORF3a,"Palestine, State of",ENA,4,0
1845,2020-08-01,ORF3a,Qatar,ENA,22,0
1846,2020-11-01,ORF6,South Africa,ENA,1,0
1847,2020-10-01,ORF10,Switzerland,ENA,5,0
1848,2020-02-01,ORF10,Spain,ENA,1,0
1849,2020-03-01,N,India,ENA,1,0
1850,2020-07-01,ORF7b,United States,ENA,1,0
1851,2020-04-01,S,Greece,ENA,2,0
1852,2021-04-01,E,Philippines,ENA,2,0
1853,2020-01-01,M,Singapore,ENA,1,0
1854,2020-03-01,ORF7a,Latvia,ENA,1,0
1855,2020-02-01,ORF3a,Netherlands,ENA,1,0
1856,2020-06-01,ORF7a,Spain,ENA,3,0
1857,2020-02-01,S,United Kingdom,ENA,2,0
1858,2020-03-01,ORF8,Switzerland,ENA,1,0
1859,2021-03-01,E,Mozambique,ENA,5,0
1860,2020-02-01,ORF3a,Spain,ENA,7,0
1861,2020-07-01,S,"Palestine, State of",ENA,12,0
1862,2020-03-01,S,Not available,ENA,2,0
1863,2021-02-01,E,Mozambique,ENA,35,0
1864,2020-05-01,E,United Kingdom,ENA,1,0
1865,2020-05-01,ORF3a,Latvia,ENA,2,0
1866,2020-04-01,ORF3a,Qatar,ENA,18,0
1867,2020-01-01,ORF7a,Germany,ENA,1,0
1868,2020-11-01,ORF10,United States,ENA,2,0
1869,2021-04-01,ORF6,Switzerland,ENA,1,0
1870,2021-03-01,M,Uruguay,ENA,1,0
1871,2021-02-01,ORF10,Mozambique,ENA,1,0
1872,2020-07-01,ORF3a,Italy,ENA,7,0
1873,2020-01-01,S,Italy,ENA,2,0
1874,2020-07-01,ORF6,Qatar,ENA,1,0
1875,2020-11-01,ORF10,Brazil,ENA,7,0
1876,2020-02-01,ORF3a,Cambodia,ENA,1,0
1877,2020-06-01,S,Greece,ENA,1,0
1878,2020-05-01,ORF10,United Kingdom,ENA,1,0
1879,2021-06-01,ORF6,Spain,ENA,1,0
1880,2021-01-01,ORF3a,Switzerland,ENA,6,0
1881,2020-03-01,M,France,ENA,2,0
1882,2020-08-01,N,Switzerland,ENA,1,0
1883,2020-08-01,ORF7b,Spain,ENA,1,0
1884,2020-02-01,S,Spain,ENA,3,0
1885,2020-10-01,E,South Africa,ENA,10,0
1886,2020-07-01,ORF7b,India,ENA,5,0
1887,2020-04-01,ORF8,Qatar,ENA,1,0
1888,2020-01-01,ORF7a,United States,ENA,4,0
1889,2021-06-01,ORF7b,Spain,ENA,7,0
1890,2020-06-01,S,Not available,ENA,2,0
1891,2020-04-01,S,France,ENA,4,0
1892,2020-03-01,ORF10,United Kingdom,ENA,2,0
1893,2020-05-01,N,Germany,ENA,4,0
1894,2020-06-01,M,Qatar,ENA,1,0
1895,2020-12-01,E,United States,ENA,2,0
1896,2020-03-01,S,Italy,ENA,4,0
1897,2021-05-01,ORF7b,Spain,ENA,6,0
1898,2020-08-01,ORF7b,Turkey,ENA,1,0
1899,2020-04-01,ORF3a,Romania,ENA,1,0
1900,2020-04-01,S,Romania,ENA,11,0
1901,2020-04-01,ORF7a,Brazil,ENA,2,0
1902,2020-04-01,ORF3a,India,ENA,1,0
1903,2020-06-01,ORF3a,Israel,ENA,1,0
1904,2020-12-01,E,Mozambique,ENA,1,0
1905,2020-04-01,ORF3a,Not available,ENA,1,0
1906,2020-08-01,ORF8,Qatar,ENA,1,0
1907,2020-08-01,ORF6,Poland,ENA,2,0
1908,2020-10-01,ORF7b,United States,ENA,7,0
1909,2020-06-01,ORF8,Greece,ENA,1,0
1910,2021-02-01,N,United States,ENA,6,0
1911,2020-07-01,S,Israel,ENA,2,0
1912,2020-11-01,ORF3a,South Africa,ENA,20,0
1913,2020-08-01,ORF7b,Brazil,ENA,2,0
1914,2020-10-01,ORF6,Brazil,ENA,21,0
1915,2020-07-01,ORF3a,"Palestine, State of",ENA,11,0
1916,2021-04-01,ORF7a,Switzerland,ENA,7,0
1917,2020-10-01,N,South Africa,ENA,11,0
1918,2020-05-01,ORF7a,United Kingdom,ENA,4,0
1919,2021-01-01,M,Germany,ENA,1,0
1920,2021-01-01,ORF3a,Mexico,ENA,1,0
1921,2020-06-01,ORF7a,Qatar,ENA,2,0
1922,2020-11-01,S,Switzerland,ENA,4,0
1923,2020-03-01,ORF3a,France,ENA,15,0
1924,2020-03-01,S,Turkey,ENA,1,0
1925,2021-01-01,ORF8,Italy,ENA,3,0
1926,2020-10-01,ORF8,Poland,ENA,1,0
1927,2020-03-01,ORF1ab,India,ENA,2,0
1928,2020-12-01,S,Peru,ENA,8,0
1929,2020-03-01,ORF3a,Not available,ENA,1,0
1930,2020-11-01,ORF10,Spain,ENA,428,0
1931,2020-02-01,ORF8,United States,ENA,8,0
1932,2021-01-01,ORF10,Mozambique,ENA,1,0
1933,2020-06-01,ORF6,United States,ENA,4,0
1934,2020-01-01,ORF1ab,Canada,ENA,2,0
1935,2021-01-01,ORF6,Poland,ENA,2,0
1936,2020-11-01,ORF3a,Turkey,ENA,3,0
1937,2020-03-01,ORF6,Brazil,ENA,6,0
1938,2020-11-01,ORF10,Greece,ENA,7,0
1939,2020-11-01,ORF3a,Mozambique,ENA,2,0
1940,2021-03-01,ORF3a,Uruguay,ENA,1,0
1941,2020-10-01,S,Bangladesh,ENA,6,0
1942,2020-03-01,ORF7a,Romania,ENA,3,0
1943,2020-05-01,ORF3a,Qatar,ENA,20,0
1944,2020-07-01,ORF7b,Philippines,ENA,2,0
1945,2020-05-01,ORF3a,Italy,ENA,5,0
1946,2020-05-01,ORF7b,Brazil,ENA,1,0
1947,2020-02-01,ORF8,Spain,ENA,8,0
1948,2020-02-01,ORF10,China,ENA,2,0
1949,2020-04-01,ORF3a,Sweden,ENA,4,0
1950,2020-11-01,ORF7a,Mozambique,ENA,1,0
1951,2020-05-01,S,Romania,ENA,4,0
1952,2020-12-01,ORF8,Peru,ENA,2,0
1953,2021-05-01,ORF10,Spain,ENA,21,0
1954,2021-03-01,S,United States,ENA,14,0
1955,2020-11-01,ORF8,Mozambique,ENA,7,0
1956,2021-02-01,S,Bangladesh,ENA,8,0
1957,2020-06-01,S,Philippines,ENA,11,0
1958,2021-02-01,ORF6,Switzerland,ENA,2,0
1959,2020-07-01,ORF8,Philippines,ENA,1,0
1960,2020-04-01,ORF3a,Jordan,ENA,2,0
1961,2020-04-01,ORF6,France,ENA,2,0
1962,2021-06-01,E,Spain,ENA,1,0
1963,2020-07-01,M,Israel,ENA,2,0
1964,2020-09-01,ORF7b,United States,ENA,11,0
1965,2020-06-01,ORF3a,"Palestine, State of",ENA,5,0
1966,2020-06-01,ORF6,Brazil,ENA,21,0
1967,2020-04-01,ORF8,Greece,ENA,1,0
1968,2021-01-01,ORF3a,Japan,ENA,1,0
1969,2021-04-01,ORF7a,Philippines,ENA,2,0
1970,2020-02-01,ORF3a,United States,ENA,1,0
1971,2020-08-01,ORF1ab,Turkey,ENA,1,0
1972,2020-01-01,ORF7a,Not available,ENA,3,0
1973,2021-02-01,E,United States,ENA,4,0
1974,2019-12-01,ORF3a,China,ENA,1,0
1975,2020-04-01,S,Not available,ENA,1,0
1976,2020-08-01,ORF6,"Palestine, State of",ENA,3,0
1977,2021-02-01,ORF8,Bangladesh,ENA,2,0
1978,2020-08-01,ORF6,United States,ENA,5,0
1979,2020-05-01,ORF7b,United States,ENA,3,0
1980,2021-04-01,ORF10,Switzerland,ENA,5,0
1981,2020-06-01,ORF3a,"Iran, Islamic Republic of",ENA,2,0
1982,2020-03-01,ORF8,Chile,ENA,1,0
1983,2020-03-01,ORF1ab,Turkey,ENA,1,0
1984,2020-03-01,M,Switzerland,ENA,4,0
1985,2020-08-01,ORF3a,Poland,ENA,17,0
1986,2021-03-01,ORF3a,Philippines,ENA,12,0
1987,2020-06-01,N,Israel,ENA,1,0
1988,2020-12-01,ORF8,Qatar,ENA,2,0
1989,2021-01-01,ORF6,Mozambique,ENA,1,0
1990,2020-05-01,M,Latvia,ENA,1,0
1991,2021-05-01,ORF8,Greece,ENA,323,0
1992,2020-03-01,N,Not available,ENA,1,0
1993,2020-07-01,ORF8,Israel,ENA,1,0
1994,2021-02-01,ORF8,Poland,ENA,2,0
1995,2020-04-01,E,"Iran, Islamic Republic of",ENA,1,0
1996,2020-12-01,ORF3a,Switzerland,ENA,1,0
1997,2020-05-01,ORF7a,India,ENA,4,0
1998,2020-06-01,ORF10,Philippines,ENA,1,0
1999,2021-06-01,ORF7b,United Kingdom,ENA,61,0
2000,2021-03-01,E,Peru,ENA,1,0
2001,2021-04-01,ORF7b,United Kingdom,ENA,8,0
2002,2021-01-01,S,Japan,ENA,12,0
2003,2021-01-01,ORF10,Poland,ENA,1,0
2004,2020-01-01,N,Canada,ENA,2,0
2005,2020-07-01,S,Italy,ENA,11,0
2006,2020-03-01,ORF3a,Australia,ENA,1,0
2007,2020-06-01,ORF3a,Greece,ENA,3,0
2008,2020-01-01,ORF3a,United States,ENA,30,0
2009,2020-12-01,ORF8,Switzerland,ENA,1,0
2010,2020-08-01,ORF7b,India,ENA,5,0
2011,2020-04-01,ORF6,"Iran, Islamic Republic of",ENA,1,0
2012,2020-07-01,E,United States,ENA,4,0
2013,2020-05-01,ORF3a,Germany,ENA,4,0
2014,2020-03-01,M,Greece,ENA,1,0
2015,2020-10-01,ORF10,Poland,ENA,1,0
2016,2021-01-01,ORF8,Poland,ENA,2,0
2017,2020-05-01,ORF3a,Brazil,ENA,3,0
2018,2020-01-01,S,Germany,ENA,2,0
2019,2021-06-01,ORF8,Spain,ENA,59,0
2020,2021-01-01,S,Italy,ENA,36,0
2021,2020-04-01,S,Sweden,ENA,10,0
2022,2021-01-01,S,Germany,ENA,7,0
2023,2020-11-01,ORF10,Turkey,ENA,2,0
2024,2021-04-01,ORF3a,Philippines,ENA,7,0
2025,2020-01-01,ORF3a,China,ENA,2,0
2026,2020-04-01,ORF7b,Spain,ENA,9,0
2027,2020-03-01,S,"Palestine, State of",ENA,7,0
2028,2020-07-01,E,Spain,ENA,1,0
2029,2020-06-01,ORF10,Spain,ENA,5,0
2030,2020-09-01,S,Bangladesh,ENA,2,0
2031,2021-03-01,ORF3a,Switzerland,ENA,5,0
2032,2021-05-01,ORF7a,Switzerland,ENA,4,0
2033,2020-04-01,ORF10,United States,ENA,3,0
2034,2021-06-01,ORF10,United Kingdom,ENA,1,0
2035,2020-02-01,ORF7a,Japan,ENA,1,0
2036,2020-01-01,ORF10,United Kingdom,ENA,24,0
2037,2020-07-01,ORF6,Brazil,ENA,41,0
2038,2020-07-01,ORF8,"Palestine, State of",ENA,3,0
2039,2020-01-01,ORF7b,United Kingdom,ENA,2,0
2040,2020-07-01,ORF10,Spain,ENA,62,0
2041,2020-09-01,ORF8,Poland,ENA,1,0
2042,2021-03-01,N,United States,ENA,2,0
2043,2020-01-01,ORF10,Spain,ENA,6,0
2044,2020-05-01,ORF10,Spain,ENA,2,0
2045,2020-06-01,S,"Palestine, State of",ENA,5,0
2046,2020-05-01,N,Qatar,ENA,15,0
2047,2021-06-01,ORF10,Switzerland,ENA,1,0
2048,2020-03-01,ORF8,Latvia,ENA,1,0
2049,2020-09-01,ORF7a,Brazil,ENA,1,0
2050,2020-03-01,ORF3a,Latvia,ENA,3,0
2051,2020-06-01,ORF8,Qatar,ENA,2,0
2052,2020-04-01,M,Peru,ENA,1,0
2053,2020-06-01,ORF3a,Not available,ENA,2,0
2054,2020-03-01,N,Switzerland,ENA,5,0
2055,2020-05-01,ORF10,United States,ENA,1,0
2056,2020-10-01,ORF7b,Bangladesh,ENA,1,0
2057,2020-05-01,ORF8,India,ENA,4,0
2058,2020-03-01,ORF3a,Switzerland,ENA,2,0
2059,2020-04-01,N,Malaysia,ENA,1,0
2060,2020-02-01,S,Australia,ENA,12,0
2061,2020-03-01,ORF6,Greece,ENA,1,0
2062,2020-10-01,ORF3a,South Africa,ENA,10,0
2063,2020-03-01,ORF3a,Brazil,ENA,1,0
2064,2020-11-01,E,South Africa,ENA,15,0
2065,2020-10-01,ORF7a,Poland,ENA,5,0
2066,2020-11-01,N,South Africa,ENA,16,0
2067,2020-04-01,S,Jordan,ENA,1,0
2068,2020-04-01,ORF1ab,Malaysia,ENA,1,0
2069,2020-04-01,S,Morocco,ENA,1,0
2070,2021-01-01,ORF8,Germany,ENA,2,0
2071,2020-07-01,ORF6,Philippines,ENA,2,0
2072,2021-06-01,ORF7b,Switzerland,ENA,1,0
2073,2021-03-01,E,United States,ENA,2,0
2074,2020-08-01,N,Turkey,ENA,1,0
2075,2020-05-01,S,Bangladesh,ENA,3,0
2076,2021-01-01,ORF6,Switzerland,ENA,1,0
2077,2020-01-01,ORF1ab,Australia,ENA,4,0
2078,2021-02-01,ORF7a,Mozambique,ENA,2,0
2079,2020-08-01,ORF7b,United States,ENA,6,0
2080,2020-04-01,ORF6,Brazil,ENA,50,0
2081,2020-07-01,ORF8,United States,ENA,30,0
2082,2020-04-01,S,Germany,ENA,1,0
2083,2020-09-01,S,Switzerland,ENA,2,0
2084,2020-10-01,N,Turkey,ENA,2,0
2085,2020-01-01,S,Russian Federation,ENA,3,0
2086,2020-05-01,ORF3a,United Kingdom,ENA,10,0
2087,2021-01-01,ORF7a,Mexico,ENA,1,0
2088,2020-06-01,M,Philippines,ENA,1,0
2089,2020-04-01,N,Philippines,ENA,1,0
2090,2021-05-01,ORF7b,United Kingdom,ENA,40,0
2091,2020-07-01,ORF8,Qatar,ENA,1,0
2092,2020-04-01,ORF10,Qatar,ENA,1,0
2093,2021-02-01,ORF3a,United States,ENA,12,0
2094,2020-05-01,ORF7a,Spain,ENA,2,0
2095,2020-11-01,ORF7a,South Africa,ENA,2,0
2096,2020-01-01,N,Germany,ENA,1,0
2097,2020-04-01,ORF7b,United Kingdom,ENA,6,0
2098,2020-01-01,ORF3a,Poland,ENA,3,0
2099,2020-01-01,E,United Kingdom,ENA,11,0
2100,2021-02-01,ORF7a,United States,ENA,1,0
2101,2020-03-01,S,Brazil,ENA,7,0
2102,2020-09-01,ORF6,Brazil,ENA,6,0
2103,2020-12-01,ORF3a,Qatar,ENA,7,0
2104,2020-03-01,ORF8,Jordan,ENA,1,0
2105,2020-03-01,S,Israel,ENA,1,0
2106,2021-03-01,E,Philippines,ENA,6,0
2107,2020-02-01,ORF1ab,Netherlands,ENA,1,0
2108,2020-07-01,ORF6,United States,ENA,12,0
2109,2020-06-01,ORF6,Philippines,ENA,3,0
2110,2020-06-01,ORF6,Spain,ENA,1,0
2111,2020-03-01,ORF3a,Chile,ENA,1,0
2112,2020-03-01,S,Jordan,ENA,14,0
2113,2020-03-01,ORF8,France,ENA,1,0
2114,2020-04-01,ORF3a,France,ENA,4,0
2115,2021-03-01,ORF3a,United States,ENA,6,0
2116,2021-03-01,ORF10,Peru,ENA,2,0
2117,2020-11-01,E,Mozambique,ENA,2,0
2118,2020-10-01,ORF7a,Switzerland,ENA,1,0
2119,2020-05-01,ORF3a,Poland,ENA,131,0
2120,2021-02-01,ORF3a,Switzerland,ENA,21,0
2121,2020-08-01,ORF6,Brazil,ENA,11,0
2122,2020-12-01,S,Australia,ENA,7,0
2123,2021-01-01,ORF8,Japan,ENA,1,0
2124,2020-08-01,ORF3a,Switzerland,ENA,1,0
2125,2020-05-01,S,Latvia,ENA,5,0
2126,2020-08-01,ORF7a,Spain,ENA,6,0
2127,2020-07-01,N,Israel,ENA,3,0
2128,2020-03-01,ORF8,Uruguay,ENA,2,0
2129,2021-03-01,ORF10,Poland,ENA,2,0
2130,2021-05-01,E,United Kingdom,ENA,5,0
2131,2020-01-01,ORF8,Spain,ENA,4,0
2132,2021-01-01,ORF10,Switzerland,ENA,1,0
2133,2020-01-01,ORF3a,Italy,ENA,1,0
2134,2020-07-01,ORF3a,Israel,ENA,2,0
2135,2020-03-01,S,Germany,ENA,2,0
2136,2020-12-01,ORF7a,Bangladesh,ENA,1,0
2137,2021-06-01,ORF7a,Spain,ENA,27,0
2138,2020-01-01,ORF3a,Australia,ENA,4,0
2139,2020-02-01,ORF8,China,ENA,17,0
2140,2021-01-01,ORF8,Switzerland,ENA,25,0
2141,2020-07-01,ORF3a,United Kingdom,ENA,1,0
2142,2020-01-01,ORF8,Hong Kong,ENA,2,0
2143,2021-05-01,ORF7b,Switzerland,ENA,1,0
2144,2020-06-01,ORF8,United Kingdom,ENA,2,0
2145,2020-04-01,ORF3a,Mexico,ENA,1,0
